﻿<?xml version="1.0" encoding="utf-8" ?>
<entity-daos>
  <!-- infrastructure related daos -->
  <entity name="HistoryData" daoType="OPUS.Data.History.HistoryDataDAO, OPUS.Data" />
  <entity name="User" daoType="OPUS.Data.Users.UserDAO, OPUS.Data" />
  <entity name="UserActivity" daoType="OPUS.Data.Users.UserActivityDAO, OPUS.Data" />
  <entity name="Role" daoType="OPUS.Data.Roles.RoleDAO, OPUS.Data" />
  
  <!-- project step related daos-->
  <entity name="ProjectStepType" daoType="OPUS.Data.ProjectSteps.ProjectStepTypeDAO, OPUS.Data" />
  <entity name="OPUSStep" daoType="OPUS.Data.ProjectSteps.OPUSStepDAO, OPUS.Data" />
  <entity name="ProjectStep" daoType="OPUS.Data.ProjectSteps.ProjectStepDAO, OPUS.Data" />
  <entity name="ProjectStepData" daoType="OPUS.Data.ProjectSteps.ProjectStepDataDAO, OPUS.Data" />
  <entity name="ProjectStepDataDefinition" daoType="OPUS.Data.ProjectSteps.ProjectStepDataDefinitionDAO, OPUS.Data" />
  
</entity-daos>